id;page_date;page_description;creation_time;last_edit_time
1;2023-03-21T00:06:54;Account Greenland Marketing;2023-03-21T07:25:49;2023-03-20T22:14:48
2;2023-03-21T05:40:41;Avon;2023-03-21T06:46:07;2023-03-21T03:52:05
3;2023-03-21T17:36:38;Drive Central Bedfordshire;2023-03-21T09:50:48;2023-03-21T04:02:12
4;2023-03-21T12:53:34;Baby;2023-03-21T15:04:32;2023-03-21T00:13:00
5;2023-03-21T14:25:07;Technician Ngultrum cyan;2023-03-21T09:53:24;2023-03-21T11:27:00
6;2023-03-21T12:24:52;Wall Chief;2023-03-21T02:47:37;2023-03-21T04:26:30
7;2023-03-21T08:16:07;Granite Auto withdrawal;2023-03-20T19:18:06;2023-03-21T10:58:02
8;2023-03-21T01:58:29;Account orchid Generic;2023-03-21T02:26:55;2023-03-21T05:05:12
9;2023-03-21T06:30:48;Cheese PNG;2023-03-21T11:45:39;2023-03-21T07:22:32
10;2023-03-21T07:36:33;Tuna Cotton connect;2023-03-21T16:49:11;2023-03-21T00:01:48
